timestamp,time_sec,latitude,longitude,speed_mps,speed_kmh,accel_x,accel_y,accel_z,gyro_x,gyro_y,gyro_z,heading_deg,gnss_status
2025-01-15T06:00:00Z,0.0,12.9715993,77.5945991,0.0,0.0,-0.00557,0.0351,9.79724,-0.002995,0.000665,-0.000535,0.0,ON
2025-01-15T06:00:01Z,1.0,12.9716114,77.5946006,1.39,5.004,1.40161,0.05818,9.87566,0.000221,-0.001477,-0.002029,0.0,ON
2025-01-15T06:00:02Z,2.0,12.9716387,77.5946066,2.78,10.008,1.39208,-0.00532,9.86318,-0.002907,-0.000625,0.000981,0.0,ON
2025-01-15T06:00:03Z,3.0,12.9716793,77.5945988,4.17,15.012,1.40883,0.01241,9.88823,-0.002226,0.001137,-0.003029,0.0,ON
2025-01-15T06:00:04Z,4.0,12.9717118,77.594597,5.56,20.016,1.34421,0.0438,9.87643,-0.002438,0.001695,-0.002004,0.0,ON
2025-01-15T06:00:05Z,5.0,12.9717869,77.5945985,6.95,25.02,1.39572,0.04093,9.87384,0.0007,0.0013,0.000957,0.0,ON
2025-01-15T06:00:06Z,6.0,12.9718591,77.5945964,8.34,30.024,1.3665,0.02497,9.78499,0.004672,-0.001639,-0.002198,0.0,ON
2025-01-15T06:00:07Z,7.0,12.9719535,77.5946071,9.73,35.028,1.41528,0.04179,9.95263,-0.000188,-0.002846,-0.001064,0.0,ON
2025-01-15T06:00:08Z,8.0,12.9720543,77.5945928,11.12,40.032,1.39168,0.01266,9.77844,0.001447,0.001162,0.004643,0.0,ON
2025-01-15T06:00:09Z,9.0,12.972165,77.594597,12.51,45.036,1.36191,-0.04158,9.90523,-0.001134,-0.000141,0.001499,0.0,ON
2025-01-15T06:00:10Z,10.0,12.972283,77.5946049,13.9,50.04,1.29794,0.64088,9.75323,0.000832,0.002387,0.049963,2.865,ON
2025-01-15T06:00:11Z,11.0,12.9724122,77.59462,13.9,50.04,0.05424,0.73967,9.83737,-0.002022,0.001807,0.050762,5.73,ON
2025-01-15T06:00:12Z,12.0,12.9725404,77.5946382,13.9,50.04,0.09766,0.67706,9.96931,0.00023,-0.001033,0.047743,8.594,ON
2025-01-15T06:00:13Z,13.0,12.9726559,77.5946709,13.9,50.04,0.04082,0.72944,9.57241,0.001422,0.001112,0.0489,11.459,ON
2025-01-15T06:00:14Z,14.0,12.9727745,77.5946955,13.9,50.04,0.08624,0.64224,9.76722,0.002724,-0.000892,0.049271,14.324,ON
2025-01-15T06:00:15Z,15.0,12.9728975,77.5947272,13.9,50.04,0.011,0.63452,9.89852,6e-06,0.004567,0.050562,17.189,ON
2025-01-15T06:00:16Z,16.0,12.9730211,77.5947708,13.9,50.04,-0.00611,0.71116,9.98457,-0.003362,0.001981,0.051183,20.054,ON
2025-01-15T06:00:17Z,17.0,12.9731369,77.5948308,13.9,50.04,0.0026,0.66892,9.68518,0.000391,-0.000383,0.054041,22.918,ON
2025-01-15T06:00:18Z,18.0,12.9732412,77.5948787,13.9,50.04,-0.07845,-0.01977,9.83611,0.001648,0.002896,-8.8e-05,22.918,ON
2025-01-15T06:00:19Z,19.0,12.9733537,77.5949293,13.9,50.04,0.02585,0.02458,9.73997,0.002267,0.000176,0.0014,22.918,ON
2025-01-15T06:00:20Z,20.0,12.9734807,77.5949799,13.9,50.04,0.01433,0.10764,9.83437,-0.000592,0.000224,0.002966,22.918,ON
2025-01-15T06:00:21Z,21.0,12.9735899,77.5950294,13.9,50.04,0.05979,-0.02564,9.63734,0.000599,0.000459,-0.001216,22.918,ON
2025-01-15T06:00:22Z,22.0,12.9737087,77.5950797,13.9,50.04,-0.04975,0.02591,9.79039,-0.002966,0.000906,-9e-05,22.918,ON
2025-01-15T06:00:23Z,23.0,12.9738156,77.5951292,13.9,50.04,0.0244,-0.02888,9.85004,0.00203,-0.001425,0.000762,22.918,ON
2025-01-15T06:00:24Z,24.0,12.9739343,77.5951878,13.9,50.04,-0.09312,0.03476,9.77938,-0.0002,0.003803,-1.7e-05,22.918,ON
2025-01-15T06:00:25Z,25.0,12.9740624,77.5952194,13.9,50.04,0.01753,-0.58054,9.74093,0.000125,-0.000565,-0.039595,20.626,ON
2025-01-15T06:00:26Z,26.0,12.9741592,77.595272,13.9,50.04,-0.00835,-0.46885,9.70929,0.000585,0.00633,-0.041739,18.335,ON
2025-01-15T06:00:27Z,27.0,12.9742822,77.5952946,13.9,50.04,0.02362,-0.52133,9.93904,-0.000514,-0.003205,-0.04087,16.043,ON
2025-01-15T06:00:28Z,28.0,12.9744172,77.5953301,13.9,50.04,-0.09785,-0.55775,9.94982,0.004253,0.001123,-0.039381,13.751,ON
2025-01-15T06:00:29Z,29.0,12.9745272,77.595349,13.9,50.04,0.00235,-0.53084,9.86802,-0.000956,-0.002304,-0.041556,11.459,ON
2025-01-15T06:00:30Z,30.0,,,13.9,50.04,-0.05785,-0.52383,9.57877,-0.000667,0.0009,-0.036956,9.167,OFF
2025-01-15T06:00:31Z,31.0,,,14.0867,50.712,0.19023,-0.5134,9.7701,-0.001489,-0.001349,-0.036945,6.875,OFF
2025-01-15T06:00:32Z,32.0,,,14.2733,51.384,0.23638,0.02437,10.14303,-6.5e-05,0.001241,0.000615,6.875,OFF
2025-01-15T06:00:33Z,33.0,,,14.46,52.056,0.17557,0.11581,9.96066,-0.002799,-0.0008,0.000857,6.875,OFF
2025-01-15T06:00:34Z,34.0,,,14.6467,52.728,0.22583,-0.06742,9.58444,-0.003813,-0.000142,-0.000206,6.875,OFF
2025-01-15T06:00:35Z,35.0,,,14.8333,53.4,0.20393,-0.03848,9.68758,-0.004046,0.000658,0.00074,6.875,OFF
2025-01-15T06:00:36Z,36.0,,,15.02,54.072,0.23632,0.03954,9.79093,0.002699,-0.000273,-0.001322,6.875,OFF
2025-01-15T06:00:37Z,37.0,,,15.2067,54.744,0.16064,-0.02924,9.59343,0.000313,0.0005,-0.000725,6.875,OFF
2025-01-15T06:00:38Z,38.0,,,15.3933,55.416,0.15097,0.01859,9.98169,7.7e-05,-0.001015,-0.001183,6.875,OFF
2025-01-15T06:00:39Z,39.0,,,15.58,56.088,0.18318,-0.06324,9.79747,0.000122,0.003689,0.001887,6.875,OFF
2025-01-15T06:00:40Z,40.0,,,15.7667,56.76,0.23837,-0.03565,9.87699,-0.002279,0.000624,0.000837,6.875,OFF
2025-01-15T06:00:41Z,41.0,,,15.9533,57.432,0.14835,0.09997,9.86674,-0.003805,0.001106,-0.000815,6.875,OFF
2025-01-15T06:00:42Z,42.0,,,16.14,58.104,0.18674,0.02329,9.84905,-0.004078,-0.002317,0.001545,6.875,OFF
2025-01-15T06:00:43Z,43.0,,,16.3267,58.776,0.25173,0.09516,9.99032,-0.004111,0.001539,-0.003833,6.875,OFF
2025-01-15T06:00:44Z,44.0,,,16.5133,59.448,0.26735,0.01267,9.69588,0.00402,0.001288,-0.003782,6.875,OFF
2025-01-15T06:00:45Z,45.0,,,16.7,60.12,0.20134,-0.03656,9.82113,-0.00093,0.002747,-0.002847,6.875,OFF
2025-01-15T06:00:46Z,46.0,,,16.7,60.12,0.01587,0.09071,9.7273,0.000421,0.000404,-0.001379,6.875,OFF
2025-01-15T06:00:47Z,47.0,,,16.7,60.12,0.03239,0.00485,9.71562,0.003524,0.001583,-0.000334,6.875,OFF
2025-01-15T06:00:48Z,48.0,,,16.7,60.12,-0.03183,-0.03922,9.93309,-0.000293,0.000919,-0.000369,6.875,OFF
2025-01-15T06:00:49Z,49.0,,,16.7,60.12,0.03082,-0.0058,9.88639,-0.000366,0.001659,0.001345,6.875,OFF
2025-01-15T06:00:50Z,50.0,12.9774601,77.5957163,16.7,60.12,-0.04701,-0.03704,9.71155,0.001732,-9.3e-05,0.00314,6.875,ON
2025-01-15T06:00:51Z,51.0,12.977621,77.5957392,16.7,60.12,-0.0774,-0.01907,9.80247,-0.002977,-0.000501,0.000574,6.875,ON
2025-01-15T06:00:52Z,52.0,12.9777562,77.5957537,16.7,60.12,-0.03794,0.08933,9.79404,-0.00166,-0.000746,0.001909,6.875,ON
2025-01-15T06:00:53Z,53.0,12.977904,77.5957783,16.7,60.12,0.03639,0.03746,9.94997,-0.001101,0.002265,-0.001586,6.875,ON
2025-01-15T06:00:54Z,54.0,12.9780544,77.5958003,16.7,60.12,0.04112,0.0001,9.69086,0.001123,-0.001261,-0.001848,6.875,ON
2025-01-15T06:00:55Z,55.0,12.9782021,77.595814,16.7,60.12,-0.10605,0.01804,9.82739,-0.001169,0.002074,0.001223,6.875,ON
2025-01-15T06:00:56Z,56.0,12.9783513,77.5958279,16.7,60.12,0.03476,-0.0758,9.77674,-0.001262,0.00014,0.000422,6.875,ON
2025-01-15T06:00:57Z,57.0,12.9785034,77.5958553,16.7,60.12,0.0114,-0.01575,9.68891,0.001444,0.001056,0.002902,6.875,ON
2025-01-15T06:00:58Z,58.0,12.9786484,77.5958682,16.7,60.12,-0.00293,-0.00438,9.81104,-0.003429,0.00165,0.001306,6.875,ON
2025-01-15T06:00:59Z,59.0,12.9788068,77.5958977,16.7,60.12,-0.01595,-0.00181,9.81098,0.003884,-0.003462,0.000972,6.875,ON
2025-01-15T06:01:00Z,60.0,12.9789411,77.5959027,16.7,60.12,-0.10104,1.09991,9.9169,-0.001737,-0.000455,0.067673,10.886,ON
2025-01-15T06:01:01Z,61.0,12.9790965,77.5959496,16.7,60.12,0.06588,1.11934,9.73352,0.000245,4.9e-05,0.072849,14.897,ON
2025-01-15T06:01:02Z,62.0,12.9792359,77.595999,16.7,60.12,-0.02802,1.14036,9.8825,0.000768,-0.000239,0.071739,18.908,ON
2025-01-15T06:01:03Z,63.0,12.9793709,77.5960643,16.7,60.12,0.00904,1.24541,9.80015,-0.000702,-0.002092,0.071372,22.918,ON
2025-01-15T06:01:04Z,64.0,12.9795043,77.5961364,16.7,60.12,-0.09508,1.22116,9.67681,-0.001555,0.002117,0.067331,26.929,ON
2025-01-15T06:01:05Z,65.0,12.9796355,77.5962142,16.7,60.12,-0.04993,1.23615,9.95988,-0.003943,-0.002898,0.071616,30.94,ON
2025-01-15T06:01:06Z,66.0,12.9797524,77.5963001,16.7,60.12,0.00648,1.20359,9.78767,0.00019,-0.001553,0.072585,34.95,ON
2025-01-15T06:01:07Z,67.0,12.9798731,77.5964005,16.7,60.12,-0.02558,1.17432,9.79318,-0.000325,-0.002028,0.071593,38.961,ON
2025-01-15T06:01:08Z,68.0,12.9799993,77.5964969,16.7,60.12,0.03662,0.0419,9.9028,0.000607,0.000425,0.001728,38.961,ON
2025-01-15T06:01:09Z,69.0,12.9801092,77.5965876,16.7,60.12,0.00119,-0.09442,9.80941,0.000827,0.002472,0.000303,38.961,ON
2025-01-15T06:01:10Z,70.0,12.9802301,77.5966893,16.7,60.12,-0.05117,-0.07057,9.71303,-0.002732,0.001267,-0.000415,38.961,ON
2025-01-15T06:01:11Z,71.0,12.9803389,77.5967814,15.83,56.988,-0.8178,0.05301,9.74547,-0.000549,-0.001066,-0.003243,38.961,ON
2025-01-15T06:01:12Z,72.0,12.9804439,77.5968737,14.96,53.856,-0.87032,-0.02466,9.91909,-0.00469,0.000355,0.000287,38.961,ON
2025-01-15T06:01:13Z,73.0,12.9805361,77.5969564,14.09,50.724,-0.82146,-0.01306,9.80133,-0.000776,-0.001024,-0.002616,38.961,ON
2025-01-15T06:01:14Z,74.0,12.9806382,77.5970312,13.22,47.592,-0.83009,-0.05472,10.01808,0.00396,0.000376,-0.001808,38.961,ON
2025-01-15T06:01:15Z,75.0,12.9807133,77.5970997,12.35,44.46,-0.91565,-0.00171,9.91886,-0.003014,0.004011,0.003133,38.961,ON
2025-01-15T06:01:16Z,76.0,12.9807916,77.5971571,11.48,41.328,-0.88417,-0.05156,9.78363,-0.005162,-0.000457,0.003606,38.961,ON
2025-01-15T06:01:17Z,77.0,12.9808663,77.5972243,10.61,38.196,-0.94448,0.03191,9.78747,0.003881,0.000414,-0.000744,38.961,ON
2025-01-15T06:01:18Z,78.0,12.9809427,77.5972796,9.74,35.064,-0.93697,0.0151,9.79251,0.000333,0.000751,-0.001021,38.961,ON
2025-01-15T06:01:19Z,79.0,12.981004,77.5973422,8.87,31.932,-0.92539,0.08687,9.78572,-0.001533,0.004854,0.00031,38.961,ON
2025-01-15T06:01:20Z,80.0,12.9810646,77.597384,8.0,28.8,-0.95403,0.00604,9.75747,-0.002684,-0.003543,0.000205,38.961,ON
2025-01-15T06:01:21Z,81.0,12.981111,77.5974236,7.2,25.92,-0.81529,-0.03993,9.71131,-0.00111,-0.002066,-0.000407,38.961,ON
2025-01-15T06:01:22Z,82.0,12.9811526,77.5974543,6.4,23.04,-0.8116,-0.03802,9.80955,0.001014,0.000356,0.000944,38.961,ON
2025-01-15T06:01:23Z,83.0,12.9811836,77.5974893,5.6,20.16,-0.78616,0.03206,9.6502,0.000318,0.002413,-0.000357,38.961,ON
2025-01-15T06:01:24Z,84.0,12.9812249,77.5975213,4.8,17.28,-0.78764,0.03373,9.81724,0.000305,-0.001565,-0.000341,38.961,ON
2025-01-15T06:01:25Z,85.0,12.9812596,77.5975412,4.0,14.4,-0.80843,-0.02458,9.88872,-0.001709,0.001821,-0.001874,38.961,ON
2025-01-15T06:01:26Z,86.0,12.9812704,77.5975618,3.2,11.52,-0.79349,0.01488,9.91625,-0.000825,0.000886,-0.00182,38.961,ON
2025-01-15T06:01:27Z,87.0,12.9812988,77.5975778,2.4,8.64,-0.77317,0.00939,9.73144,-0.000655,0.001004,-3.8e-05,38.961,ON
2025-01-15T06:01:28Z,88.0,12.9813043,77.5975771,1.6,5.76,-0.79095,-0.0346,9.70167,-0.000309,-0.003713,0.001397,38.961,ON
2025-01-15T06:01:29Z,89.0,12.9813135,77.5975883,0.8,2.88,-0.84969,-0.04727,9.79489,-0.004847,0.000361,0.001329,38.961,ON
2025-01-15T06:01:30Z,90.0,12.9813077,77.5975861,0.0,0.0,-0.7909,0.01753,9.91942,3.7e-05,-0.00138,-0.000923,38.961,ON
